{"-1001135537431":{"banned":[],"filterlist":[],"mods":{"333838577":"@mosiplayboy19krj"},"settings":{"lock_link":"yes","mute_video":"no","mute_fwd":"no","mute_keyboard":"no","mute_forward":"yes","mute_voice":"no","welcome":"no","mute_doc":"no","lock_spam":"yes","mute_text":"no","mute_sticker":"yes","lock_markdown":"no","mute_audio":"no","lock_bots":"yes","lock_tag":"yes","lock_webpage":"no","mute_loc":"no","lock_pin":"no","mute_gif":"yes","mute_all":"no","mute_photos":"no","flood":"yes","mute_photo":"yes","mute_inline":"yes","set_name":"❤🔥iran sister👩 is boy👦🔥❤","mute_contact":"no"},"is_silent_users":[],"owners":[]},"-1001052326199":{"banned":[],"filterlist":{"https":true,"@":true},"mods":[],"settings":{"lock_link":"yes","mute_video":"no","mute_fwd":"no","mute_keyboard":"no","mute_voice":"no","set_name":"@CoderTeam","mute_doc":"no","lock_spam":"yes","mute_text":"yes","lock_markdown":"no","mute_audio":"no","mute_sticker":"no","lock_tag":"yes","lock_webpage":"no","lock_bots":"yes","mute_loc":"no","lock_pin":"no","mute_all":"no","mute_gif":"no","mute_photos":"no","flood":"yes","mute_inline":"yes","welcome":"no","mute_contact":"no"},"is_silent_users":[],"owners":[]},"-1001060373837":{"banned":[],"filterlist":[],"mods":{"180110884":"@Alireza13581117","63148464":"@Alireza\\_yousefi110","228068918":"@mitra\\_salafzoon"},"owners":[],"is_silent_users":[],"settings":{"lock_link":"yes","lock_bots":"yes","mute_fwd":"no","mute_keyboard":"no","mute_forward":"yes","mute_voice":"no","set_name":"شرکت تدبیر مدیران بامداد","mute_doc":"no","lock_spam":"yes","mute_text":"no","lock_markdown":"no","mute_audio":"no","mute_contact":"no","lock_tag":"yes","lock_webpage":"no","welcome":"no","mute_gif":"no","lock_pin":"no","mute_all":"no","mute_video":"no","flood":"yes","mute_photos":"no","mute_inline":"yes","mute_loc":"no","mute_sticker":"no"}},"-1001102450600":{"banned":[],"filterlist":{"https":true,"@":true},"mods":[],"owners":{"331007420":"@RiotTen"},"settings":{"lock_link":"yes","mute_video":"no","mute_fwd":"no","mute_keyboard":"no","mute_voice":"no","set_name":"💫Coder™©","mute_doc":"no","lock_spam":"yes","mute_text":"no","flood":"yes","mute_audio":"no","lock_tag":"yes","lock_webpage":"no","mute_sticker":"no","mute_loc":"no","lock_pin":"no","mute_all":"no","welcome":"no","lock_markdown":"no","mute_gif":"no","mute_photos":"no","lock_bots":"yes","mute_contact":"no"},"is_silent_users":[]},"-1001132087202":{"banned":[],"filterlist":[],"mods":[],"owners":[],"is_silent_users":[],"settings":{"lock_link":"yes","lock_bots":"yes","mute_fwd":"no","mute_keyboard":"no","mute_voice":"no","set_name":"♚ĶăQãž♚","mute_doc":"no","lock_spam":"yes","mute_text":"no","lock_markdown":"no","mute_audio":"no","lock_tag":"yes","lock_webpage":"no","mute_contact":"no","welcome":"no","lock_pin":"no","mute_all":"no","mute_video":"no","flood":"yes","mute_photos":"no","mute_gif":"no","mute_loc":"no","mute_sticker":"no"}},"-1001099730057":{"pin":"1197428703232","banned":[],"filterlist":{"https":true,"@":true},"mods":{"372671058":"@king\\_shah\\_typer\\_iran","108607893":"@Siisiii4755"},"owners":{"108607893":"@Siisiii4755"},"is_silent_users":[],"settings":{"lock_link":"yes","lock_bots":"yes","linkgp":"waiting","mute_keyboard":"no","mute_forward":"yes","mute_voice":"no","welcome":"no","mute_doc":"no","lock_spam":"yes","mute_text":"no","mute_contact":"no","set_name":"پــاتــوق تڪ بـیـتے ودوبـیـتے (یـــــادگارے)","lock_markdown":"no","mute_audio":"no","mute_video":"no","lock_tag":"yes","lock_webpage":"no","mute_loc":"no","flood":"yes","lock_pin":"no","mute_all":"no","mute_photos":"no","mute_gif":"no","mute_photo":"yes","mute_inline":"yes","mute_fwd":"no","mute_sticker":"no"}},"-1001104871849":{"pin":"430989901824","banned":[],"filterlist":{"@":true},"mods":{"373139361":"@Toofan1377"},"settings":{"lock_link":"yes","mute_fwd":"no","mute_keyboard":"no","mute_voice":"no","mute_doc":"no","mute_tgservice":"yes","flood":"yes","mute_audio":"no","mute_loc":"no","lock_pin":"no","mute_all":"yes","mute_photo":"yes","mute_inline":"yes","lock_bots":"yes","lock_mention":"no","mute_forward":"yes","lock_hashtag":"yes","welcome":"no","lock_spam":"yes","mute_game":"yes","lock_markdown":"no","lock_tag":"yes","lock_webpage":"yes","mute_sticker":"no","mute_gif":"no","tab":"yes","ads":"yes","mute_video":"no","views":"yes","set_name":"✪مَُُِحًٍَََِٓمًٍٍَََِدِِِْْْآَََٖٖٓمًَِّٔیٌٍَُِْٖٓنًٍَْْٖ\u200cوَِٰٰٰٖٖدٌٍََُِّٔوًٍَِسٍِْْتًٰٖاٍَٰڹْ✪","mute_text":"no","mute_photos":"no","mute_contact":"yes"},"is_silent_users":[],"owners":{"373139361":"@Toofan1377"}},"-1001017209690":{"banned":[],"filterlist":[],"mods":[],"owners":[],"settings":{"lock_link":"yes","mute_video":"no","mute_fwd":"no","mute_keyboard":"no","mute_voice":"no","set_name":"\u200fԾᄊǤ","mute_doc":"no","lock_spam":"yes","mute_text":"no","flood":"yes","mute_audio":"no","lock_tag":"yes","lock_webpage":"no","mute_sticker":"no","mute_photos":"no","lock_pin":"no","mute_all":"no","welcome":"no","lock_markdown":"no","mute_gif":"no","mute_loc":"no","lock_bots":"yes","mute_contact":"no"},"is_silent_users":[]},"-1001145053956":{"pin":"29651632128","banned":[],"filterlist":[],"mods":{"338987713":"@am7919"},"settings":{"lock_link":"yes","lock_bots":"yes","mute_fwd":"no","mute_keyboard":"no","mute_voice":"no","set_name":"Eshgolia💏","mute_doc":"no","lock_spam":"yes","mute_text":"no","lock_markdown":"no","mute_audio":"no","lock_tag":"yes","lock_webpage":"no","mute_sticker":"no","mute_loc":"no","lock_pin":"no","mute_all":"no","mute_gif":"no","mute_photos":"no","flood":"yes","mute_video":"no","welcome":"no","mute_contact":"no"},"is_silent_users":[],"owners":[]},"groups":{"-1001135537431":"-1001135537431","-1001017209690":"-1001017209690","-1001060373837":"-1001060373837","-1001115336545":"-1001115336545","-1001132087202":"-1001132087202","-1001099730057":"-1001099730057","-1001104871849":"-1001104871849","-1001052326199":"-1001052326199","-1001145053956":"-1001145053956","-1001102450600":"-1001102450600","-1001124306141":"-1001124306141"},"-1001115336545":{"banned":[],"filterlist":{"https":true,"@":true},"mods":{"406204043":"👑հɑՏɑղ"},"owners":[],"is_silent_users":[],"settings":{"lock_link":"yes","lock_bots":"yes","mute_fwd":"no","mute_keyboard":"no","mute_forward":"yes","mute_voice":"no","set_name":"Gp✌qarchak","mute_doc":"no","lock_spam":"yes","mute_text":"no","lock_markdown":"no","mute_audio":"no","mute_contact":"yes","lock_tag":"yes","lock_webpage":"no","welcome":"no","mute_gif":"no","lock_pin":"no","mute_all":"no","mute_video":"no","flood":"yes","mute_photos":"no","mute_inline":"yes","mute_loc":"no","mute_sticker":"no"}},"-1001124306141":{"banned":[],"filterlist":[],"mods":[],"owners":[],"is_silent_users":[],"settings":{"lock_link":"yes","lock_bots":"yes","mute_fwd":"no","mute_keyboard":"no","mute_voice":"no","set_name":"BlueBerry (SUPPORT)","mute_doc":"no","lock_spam":"yes","mute_text":"no","lock_markdown":"no","mute_audio":"no","lock_tag":"yes","lock_webpage":"no","mute_contact":"no","welcome":"no","lock_pin":"no","mute_all":"no","mute_video":"no","flood":"yes","mute_photos":"no","mute_gif":"no","mute_loc":"no","mute_sticker":"no"}}}